[
  {
    "nama": "Ilham",
    "status": "VVIP",
    "jid": "6281462328581@s.whatsapp.net",
    "exp_date": null
  },
  {
    "nama": "ilham",
    "status": "VVIP",
    "jid": "73521501876361@lid",
    "exp_date": null
  },
  {
    "nama": "meeradel",
    "status": "VVIP",
    "jid": "175359236558850@lid",
    "exp_date": null
  },
  {
    "nama": "putri",
    "status": "VVIP",
    "jid": "237893960343765@lid",
    "exp_date": null
  },
  {
    "nama": "Nia",
    "status": "VVIP",
    "jid": "74333267439622@lid",
    "exp_date": null
  },
  {
    "nama": "indri",
    "status": "VVIP",
    "jid": "112176140386310@lid",
    "exp_date": null
  },
  {
    "nama": "defi",
    "status": "VVIP",
    "jid": "61095943348391@lid",
    "exp_date": null
  },
  {
    "nama": "Am",
    "status": "VVIP",
    "jid": "165665512095881@lid",
    "exp_date": null
  },
  {
    "nama": "melia",
    "status": "VVIP",
    "jid": "129304369348715@lid",
    "exp_date": null
  },
  {
    "nama": "mira cantique",
    "status": "VVIP",
    "jid": "140269420830916@lid",
    "exp_date": null
  },
  {
    "nama": "hza˙⁠❥⁠˙",
    "status": "VVIP",
    "jid": "22007513120834@lid",
    "exp_date": null
  },
  {
    "nama": "Mil",
    "status": "VVIP",
    "jid": "190494701318185@lid",
    "exp_date": null
  },
  {
    "nama": "ummukafi",
    "status": "VVIP",
    "jid": "227921314762958@lid",
    "exp_date": null
  },
  {
    "nama": "noer",
    "status": "VVIP",
    "jid": "56298481688730@lid",
    "exp_date": null
  },
  {
    "nama": "lee chae min",
    "status": "VVIP",
    "jid": "98406525616327@lid",
    "exp_date": null
  },
  {
    "nama": "istri lee min ho",
    "status": "VVIP",
    "jid": "65833376210969@lid",
    "exp_date": null
  },
  {
    "nama": "mimin",
    "status": "VVIP",
    "jid": "102147358216357@lid",
    "exp_date": null
  },
  {
    "nama": "Elas",
    "status": "VVIP",
    "jid": "146127806590992@lid",
    "exp_date": null
  },
  {
    "nama": "p",
    "status": "VVIP",
    "jid": "212588566728900@lid",
    "exp_date": null
  },
  {
    "nama": "kacang",
    "status": "VVIP",
    "jid": "128651584663760@lid",
    "exp_date": null
  },
  {
    "nama": "Lunaris X",
    "status": "VVIP",
    "jid": "220216596426831@lid",
    "exp_date": null,
    "paid": true
  },
  {
    "nama": "Mikaila",
    "status": "VVIP",
    "jid": "209719528542447@lid",
    "exp_date": null,
    "paid": true
  },
  {
    "nama": "TEST123",
    "jid": "233011236835483@lid",
    "status": "VVIP",
    "exp_date": null
  },
  {
    "nama": "wira",
    "jid": "201537582309624@lid",
    "status": "VVIP",
    "exp_date": null,
    "paid": true
  },
  {
    "nama": "RHN",
    "jid": "63093640052924@lid",
    "status": "VVIP",
    "exp_date": null,
    "paid": true
  },
  {
    "nama": "cantika",
    "status": "VIP",
    "jid": "46420174356637@lid",
    "exp_date": 1760027105288,
    "paid": true
  },
  {
    "nama": "HAMSBOTZ",
    "jid": "34252800393402@lid",
    "status": "VVIP",
    "exp_date": null
  },
  {
    "nama": "karno",
    "status": "VIP",
    "jid": "60443695538209@lid",
    "exp_date": 1760027376427
  },
  {
    "nama": "regie",
    "status": "VIP",
    "jid": "213280123572271@lid",
    "exp_date": 1760027399479
  },
  {
    "nama": "mama_arfan",
    "jid": "190731394244806@lid",
    "status": "VVIP",
    "exp_date": null,
    "paid": true
  },
  {
    "nama": "lowbat",
    "jid": "138543330537545@lid",
    "status": "VVIP",
    "exp_date": null,
    "paid": true
  },
  {
    "nama": "salsabila",
    "jid": "129536851202095@lid",
    "status": "VVIP",
    "exp_date": null,
    "paid": true
  },
  {
    "nama": "null",
    "jid": "60451882840259@lid",
    "status": "VVIP",
    "exp_date": null,
    "paid": true
  },
  {
    "nama": "Yuniar",
    "jid": "231769353805998@lid",
    "status": "VVIP",
    "exp_date": null,
    "paid": true
  },
  {
    "nama": "ecaa",
    "jid": "175904814792803@lid",
    "status": "VVIP",
    "exp_date": null,
    "paid": true
  },
  {
    "nama": "dewi",
    "jid": "117841151938756@lid",
    "status": "VVIP",
    "exp_date": null,
    "paid": true
  },
  {
    "nama": "Erma",
    "jid": "85680587833496@lid",
    "status": "VVIP",
    "exp_date": null,
    "paid": true
  },
  {
    "nama": "Rozak",
    "jid": "85500350189620@lid",
    "status": "VVIP",
    "exp_date": null,
    "paid": true
  },
  {
    "nama": "MR EKI",
    "jid": "194820370895058@lid",
    "status": "VVIP",
    "exp_date": null,
    "paid": true
  },
  {
    "nama": "spicy",
    "jid": "229815747657895@lid",
    "status": "VVIP",
    "exp_date": null,
    "paid": true
  },
  {
    "nama": "adelia",
    "jid": "66108589650098@lid",
    "status": "VVIP",
    "exp_date": null,
    "paid": true
  },
  {
    "nama": "Rmz",
    "jid": "250027695943790@lid",
    "status": "VVIP",
    "exp_date": null,
    "paid": true
  },
  {
    "nama": " null",
    "jid": "257273372917964@lid",
    "status": "VVIP",
    "exp_date": null,
    "paid": true
  },
  {
    "nama": "HamsterBotz2",
    "jid": "88519913509074@lid",
    "status": "VVIP",
    "exp_date": null
  },
  {
    "nama": "charles rodriges",
    "status": "VIP",
    "jid": "49641349468248@lid",
    "exp_date": 1760056576216
  },
  {
    "nama": "mell_azzhr",
    "jid": "216698380652742@lid",
    "status": "VVIP",
    "exp_date": null,
    "paid": true
  },
  {
    "nama": "Bot Hydro⁩ si tampan",
    "jid": "⁨daff@lid",
    "status": "VVIP",
    "exp_date": null,
    "paid": true
  },
  {
    "nama": "agung",
    "jid": "275363926122724@lid",
    "status": "VVIP",
    "exp_date": null,
    "paid": true
  },
  {
    "nama": "andriani",
    "jid": "172671241298003@lid",
    "status": "VVIP",
    "exp_date": null,
    "paid": true
  },
  {
    "nama": "null",
    "jid": "7744396513474@lid",
    "status": "VVIP",
    "exp_date": null,
    "paid": true
  },
  {
    "nama": "null",
    "jid": "72907556429953@lid",
    "status": "VVIP",
    "exp_date": null,
    "paid": true
  },
  {
    "nama": " All",
    "jid": "169337759465626@lid",
    "status": "VVIP",
    "exp_date": null,
    "paid": true
  },
  {
    "nama": "wafa",
    "jid": "79337256657002@lid",
    "status": "VVIP",
    "exp_date": null,
    "paid": true
  }
]